Source,Target,Weight
30,80,0.5875270242921301
53,55,0.5041127894970991
