Source,Target,Weight
4,55,0.5704496581663605
12,28,0.5624904040370647
13,74,0.5870193463234409
24,78,0.6038532028163646
30,80,0.6969876706304906
