Source,Target,Weight
22,94,0.5446250915172273
27,73,0.6984728538390506
28,53,0.5962466476672174
50,61,0.5499001532879664
