Source,Target,Weight
28,53,0.5074017145786525
50,61,0.5180650817039512
