Source,Target,Weight
27,73,0.5253235969615062
28,53,0.5334167567881744
