Source,Target,Weight
22,94,0.6424712069313988
24,48,0.5667273029717671
27,73,0.7744751591341765
28,53,0.703618494942849
50,61,0.5230812063449667
